Restaurant Name,Description,Tags,Website,Rating,Review Count,Full Address,Coordinates,Phone
Corner16,"American eats with Southern flair & housemade sodas served in a cool, lively space with a full bar.",American restaurant,https://corner16.com/,4.4,1949,"1640 Bob Kirby Rd, Knoxville, TN 37931",35.9469919 -84.1149858,+1 865-801-9101
Stock & Barrel,Stylish restaurant featuring thoughtfully sourced burgers & an extensive selection of bourbons.,"American restaurant, Bar, Bar & grill, Hamburger restaurant",https://www.thestockandbarrel.com/,4.6,3535,"35 Market Square, Knoxville, TN 37902",35.965607999999996 -83.9202375,+1 865-766-2075
Parkside Grill,"Restaurant serving twists on classic American dishes & drinks in a casual, contemporary setting.","American restaurant, Bar",https://parksidegrill.com/,4.5,1579,"338 N Peters Rd, Knoxville, TN 37922",35.914409899999995 -84.09549,+1 865-862-5358
Calhoun's On The River,"Chain serving Tennessee BBQ, fresh-ground burgers & sandwiches, plus homestyle sides & craft beers.","Barbecue restaurant, American restaurant",https://www.calhouns.com/,4.4,5305,"400 Neyland Dr, Knoxville, TN 37902",35.959196999999996 -83.915791,+1 865-673-3355
Lakeside Tavern,"Sleek, stone & steel decor plus water views for a long menu of surf 'n' turf & buzzing happy hour.","American restaurant, Bar",https://lakeside-tavern.com/,4.6,2699,"10911 Concord Park Dr, Knoxville, TN 37922",35.865364 -84.13006299999999,+1 865-671-2980
Tupelo Honey Southern Kitchen & Bar,"An all-day menu of Southern comfort food with a creative twist, plus craft beers & cocktails.",Southern restaurant (US),https://tupelohoneycafe.com/location/knoxville/,4.4,2451,"1 Market Square, Knoxville, TN 37902",35.964723 -83.919528,+1 865-522-0004
Not Watson's Kitchen + Bar,Retro haunt with vintage decor offering classic bar food with a modern twist & regional craft beers.,"New American restaurant, Bar, Restaurant",https://notwatsons.com/,4.5,1921,"15 Market Square, Knoxville, TN 37902",35.9651638 -83.91981609999999,+1 865-766-4848
Lonesome Dove Knoxville,"Creative & exotic American fare, plus innovative cocktails, in an upscale rustic-chic space.",American restaurant,https://lonesomedoveknoxville.com/,4.5,736,"100 N Central St, Knoxville, TN 37902",35.9706101 -83.9184382,+1 865-999-5251
Farmacy,"Casual, airy restaurant crafting thoughtfully sourced Southern-inspired offerings, plus happy hour.",Restaurant,https://www.knoxfarmacy.com/,4.5,720,"5018 Kingston Pike, Knoxville, TN 37919",35.9390887 -83.9874789,+1 865-247-4678
The Tomato Head,"Hip American cafe-bakery serving light, hearty & vegetarian fare including pizza with beer & wine.","American restaurant, Pizza restaurant, Vegan restaurant, Vegetarian restaurant",https://thetomatohead.com/,4.5,2127,"12 Market Square, Knoxville, TN 37902",35.9651887 -83.91928209999999,+1 865-637-4067
Myrtle's Chicken and Beer,"Laid-back restaurant offering Southern fried chicken specialties, comfort food sides & craft brews.",Southern restaurant (US),https://myrtleschickenandbeer.com/,4.5,1396,"13 Market Square, Knoxville, TN 37902",35.965078399999996 -83.9197604,+1 865-851-8833
Sheri's Restaurant,,"American restaurant, Deli, Restaurant",nan,4.4,384,"4405 N Broadway, Knoxville, TN 37917",36.0129058 -83.92439,
Sam & Andy's Fountain City,,Hamburger restaurant,https://www.samandandysrestaurant.com/,4.4,1215,"2613 Adair Dr, Knoxville, TN 37918",36.0252888 -83.9277369,+1 865-281-9539
Tracy's Restaurant,,"American restaurant, Breakfast restaurant, Family restaurant",nan,4.2,429,"3913 Western Ave, Knoxville, TN 37921",35.974923499999996 -83.9760591,+1 865-524-9456
The Original Copper Cellar Restaurant,"Steak, seafood & an extensive wine list, plus Sunday brunch, served in a relaxed restaurant.","Steak house, American restaurant",https://coppercellar.com/,4.4,1249,"1807 Cumberland Ave, Knoxville, TN 37916",35.956129 -83.934376,+1 865-673-3411
Cafe 4,"Refined Southern classics, wine & beer in a comfortable dining room with a mezzanine coffee shop.","Southern restaurant (US), American restaurant, Cocktail bar, Coffee shop, Restaurant",https://kennedy-concepts.com/,4.4,1167,"4 Market Square, Knoxville, TN 37902",35.9650208 -83.9191814,+1 865-544-4144
Barberitos Knoxville,Order-at-the-counter chain known for Southwestern staples like burritos & a salsa bar.,"Southwestern restaurant (US), Burrito restaurant, Fast food restaurant, Mexican restaurant, Taco restaurant",https://www.barberitos.com/,4.2,325,"215 Brookview Centre Way #101, Knoxville, TN 37919",35.934732 -84.0041447,+1 865-330-0068
Cheddar's Scratch Kitchen,"Family-friendly chain serving American comfort food with a Texas twist, plus cocktails.","Traditional American restaurant, Chicken restaurant, Family restaurant, Takeout Restaurant, Soul food restaurant, Southern restaurant (US)",https://www.cheddars.com/locations/tn/knoxville/knoxville-kingston-pike/2154?cmpid=br:csk_ag:ie_ch:loc_ca:CSKGMB_sn:gmb_gt:knoxville-tn-2154_pl:locurl_rd:1126,4.3,3561,"8390 Kingston Pike, Knoxville, TN 37919",35.9225748 -84.058404,+1 865-851-9233
Drake's Knoxville,By day this casual restaurant serves a family burger menu before hosting parties after dark.,"American restaurant, Bar, Hamburger restaurant, Sushi restaurant",https://drakescomeplay.com/knoxville/,4.4,1509,"242 Morrell Rd, Knoxville, TN 37919",35.925285099999996 -84.033641,+1 865-474-1188
Walk-On's Sports Bistreaux - Knoxville Restaurant,"This game-day bar serves burgers & fried fare, plus local beers & party platters for big groups.","Restaurant, American restaurant, Sports bar",https://locate.walk-ons.com/walk-ons-sports-bistreaux-knoxville-restaurant-10837a59bf2c?utm_source=google&utm_medium=Yext,4.4,883,"7621 Kingston Pike, Knoxville, TN 37919",35.928680299999996 -84.0376829,+1 865-694-2706
Olive Garden Italian Restaurant,"Lively, family-friendly chain featuring Italian standards such as pastas & salads.","Italian restaurant, Caterer, Family restaurant, Gluten-free restaurant, Takeout Restaurant, Mediterranean restaurant, Seafood restaurant, Soup restaurant, Wine bar",https://www.olivegarden.com/locations/tn/knoxville/knoxville-west-town-mall/1092?cmpid=br:og_ag:ie_ch:loc_ca:OGGMB_sn:gmb_gt:knoxville-tn-1092_pl:locurl_rd:1058,4.3,3564,"7206 Kingston Pike, Knoxville, TN 37919",35.9301337 -84.0278809,+1 865-584-7300
Red Robin Gourmet Burgers and Brews,Chain for gourmet burgers & other American comfort fare.,"Restaurant, American restaurant, Family restaurant, Hamburger restaurant, Takeout Restaurant",https://locations.redrobin.com/tn/farragut/711/,4.1,2044,"11433 Parkside Dr, Farragut, TN 37934",35.9001853 -84.16374549999999,+1 865-777-1112
Chesapeake's Seafood Restaurant,Nautical antiques adorn the walls of this seafood house serving classic Eastern Shore-style dishes.,Seafood restaurant,https://www.chesapeakes.com/,4.5,1692,"600 Union Ave SW, Knoxville, TN 37902",35.9637598 -83.9221654,+1 865-673-3433
Balter Beerworks,Lofty taproom with a spacious backyard doles out Mexican & Southern-inspired eats & draft beers.,Brewpub,https://www.balterbeerworks.com/,4.6,2385,"100 Broadway SW, Knoxville, TN 37902",35.9664524 -83.92402539999999,+1 865-999-5015
harvest restaurant,"Refined outfit with a relaxed patio, plating familiar surf 'n' turf dishes plus chicken & dumplings.",Restaurant,https://harvestknox.com/,4.5,265,"5200 Kingston Pike, Knoxville, TN 37919",35.9382032 -83.9888517,+1 865-500-2427
Chesapeake's Seafood Restaurant,"Regional seafood, lobster & steaks in a modern, nautical-themed setup with a lounge & Sunday brunch.",Seafood restaurant,https://www.chesapeakes.com/,4.6,2024,"9630 Parkside Dr, Knoxville, TN 37922",35.911675599999995 -84.1074136,+1 865-851-9088
Chili's Grill & Bar,Family-friendly chain serving classic Tex-Mex & American fare in a Southwestern-style setting.,"Tex-Mex restaurant, American restaurant, Bar, Bar & grill, Family restaurant, Hamburger restaurant, Mexican restaurant, Restaurant",https://www.chilis.com/locations/us/tennessee/knoxville/knoxville?utm_source=google&utm_medium=local&utm_campaign=Chilis,4.1,1885,"7304 Kingston Pike, Knoxville, TN 37919",35.929793 -84.031269,+1 865-584-8195
Oscar's Restaurant,Pizzeria's loaded pies might be topped with cheesesteak meat or chicken Alfredo in a simple space.,"Italian restaurant, Takeout Restaurant, Pizza delivery, Pizza restaurant, Pizza Takeout",https://www.orderoscars.com/,3.7,340,"1840 Cumberland Ave, Knoxville, TN 37916",35.9550206 -83.935514,+1 865-524-3663
Sullivan's Fine Food,Neighborhood standby with a cozy bar & a patio offering traditional American & Southern cuisine.,Southern restaurant (US),https://www.sullivansfinefood.com/,4.5,489,"7545 S Northshore Dr, Knoxville, TN 37919",35.9048055 -84.01961519999999,+1 865-694-9696
O'Charley's Restaurant & Bar,"Relaxed chain restaurant cooking American comfort staples, with take-out options & a full bar.","American restaurant, Bar & grill",https://www.ocharleys.com/,4.3,1292,"11036 Parkside Dr, Knoxville, TN 37934",35.902096 -84.150263,+1 865-675-4244
Applebee's Grill + Bar,Full-service chain bar & grill providing hearty American eats in an informal setting.,"Restaurant, American restaurant, Bar & grill, Diner, Family restaurant, Hamburger restaurant, Steak house, Traditional American restaurant",https://restaurants.applebees.com/en-us/tn/knoxville/261-north-peters-road-85051?utm_source=google&utm_medium=organic&utm_campaign=google_my_business&utm_term=85051&utm_content=website,4.0,1907,"261 N Peters Rd, Knoxville, TN 37923",35.9152092 -84.0877983,+1 865-531-5819
A Dopo Sourdough Pizza,Varied wood-fired sourdough pizzas with beer & wine on tap in a family-friendly space.,"Pizza restaurant, Italian restaurant",https://www.adopopizza.com/,4.7,911,"516 Williams St, Knoxville, TN 37917",35.972263999999996 -83.92199699999999,+1 865-321-1297
Nick & J's Cafe,"Modest joint with counter seats offering breakfast fare, sandwiches & burgers piled with toppings.","Restaurant, Breakfast restaurant, Diner, Cafe",https://www.nickandjscafe.com/,4.8,1577,"1526 Lovell Rd, Knoxville, TN 37932",35.935438399999995 -84.1437191,+1 865-766-5453
Cracker Barrel Old Country Store,"Homey chain restaurant serving American comfort food, with an on-site general store.","American restaurant, Breakfast restaurant, Family restaurant, Gift shop, Takeout Restaurant, Restaurant, Southern restaurant (US)",https://www.crackerbarrel.com/Locations/States/tn/knoxville/16/?utm_source=google&utm_medium=maps&utm_campaign=crackerbarrelurl,4.2,3304,"9214 Park West Blvd, Knoxville, TN 37923",35.9185231 -84.0927506,+1 865-690-6060
O'Charley's Restaurant & Bar,"Relaxed chain restaurant cooking American comfort staples, with take-out options & a full bar.","American restaurant, Bar & grill",https://www.ocharleys.com/,4.1,1479,"8077 Kingston Pike, Knoxville, TN 37919",35.924956 -84.05051999999999,+1 865-691-5885
Bravo! Italian Kitchen,"Upscale-casual Italian chain serving pasta, grilled dishes, pizza & cocktails amid Roman-ruin decor.",Italian restaurant,https://www.bravoitalian.com/?y_source=1_MTU5OTgwMzUtNzE1LWxvY2F0aW9uLndlYnNpdGU%3D,4.3,1316,"106 Major Reynolds Pl, Knoxville, TN 37919",35.9324335 -84.00865329999999,+1 865-584-5510
Culver's,Fast-food chain specializing in frozen custard & signature burgers made with Midwest beef & dairy.,"American restaurant, Dessert restaurant, Fast food restaurant, Hamburger restaurant, Ice cream shop, Restaurant, Sandwich shop",https://www.culvers.com/restaurants/knoxville-tn-kingston-pike?utm_source=Google&utm_medium=Maps&utm_campaign=Google+Places,4.5,3603,"9113 Kingston Pike, Knoxville, TN 37923",35.912552999999996 -84.0850512,+1 865-357-1780
Calhoun's,"Chain serving Tennessee BBQ, fresh-ground burgers & sandwiches, plus homestyle sides & craft beers.","Barbecue restaurant, Banquet hall, Restaurant",https://calhouns.com/menus-and-locations/bearden-hill/,4.3,1378,"6515 Kingston Pike, Knoxville, TN 37919",35.9324187 -84.0119418,+1 865-673-3377
Chili's Grill & Bar,Family-friendly chain serving classic Tex-Mex & American fare in a Southwestern-style setting.,"Tex-Mex restaurant, American restaurant, Bar, Bar & grill, Family restaurant, Hamburger restaurant, Mexican restaurant, Restaurant",https://www.chilis.com/locations/us/tennessee/farragut/turkey-creek?utm_source=google&utm_medium=local&utm_campaign=Chilis,4.2,1005,"11454 Parkside Dr, Farragut, TN 37934",35.898472999999996 -84.16551799999999,+1 865-671-9536
Mexico Lindo,,"Restaurant, Mexican restaurant",https://bit.ly/mexicolindomenu,4.5,358,"462 N Cedar Bluff Rd, Knoxville, TN 37923",35.9252082 -84.0933755,+1 865-692-9515
Sweet P's Barbecue and Downtown Dive,Bi-level hub for slow-smoked meats & Southern comfort sides in a rustic space with exposed beams.,"Barbecue restaurant, Caterer, Restaurant, Soul food restaurant",https://www.sweetpbbq.com/downtown-dive/,4.5,2179,"410 W Jackson Ave, Knoxville, TN 37902",35.967948199999995 -83.92174159999999,+1 865-281-1738
Cazzy's Corner Grill,"Informal hangout offering traditional & creative American dishes, sports on TV & a patio.","New American restaurant, American restaurant, Bar & grill",https://www.cazzys.com/,4.6,719,"2099 Thunderhead Rd, Knoxville, TN 37922",35.8570089 -84.0793307,+1 865-694-6311
J.C. Holdway,"Elevated choice for farm-fresh regional dishes, many cooked over a wood-fire grill, plus a full bar.","Restaurant, Bar",https://www.jcholdway.com/,4.6,453,"501 Union Ave SW, Knoxville, TN 37902",35.9643207 -83.92051049999999,+1 865-312-9050
Noodles and Company,Counter-serve chain offering international noodle & pasta dishes from mac 'n' cheese to Pad Thai.,"Restaurant, Down home cooking restaurant, Takeout Restaurant, Pasta shop, Salad shop, Soup restaurant",https://locations.noodles.com/tn/knoxville/11083-parkside-drive.html,4.4,581,"11083 Parkside Dr, Knoxville, TN 37934",35.9027713 -84.1518012,+1 865-675-1869
Five Guys,"Fast-food chain with made-to-order burgers, fries & hot dogs, plus free peanuts while you wait.","Fast food restaurant, American restaurant, Hot dog restaurant, Hot dog stand, Restaurant",https://restaurants.fiveguys.com/234-brookview-centre-way,4.4,959,"234 Brookview Centre Way Unit 101, Knoxville, TN 37919",35.9358323 -84.0033677,+1 865-337-8595
Five Guys,"Fast-food chain with made-to-order burgers, fries & hot dogs, plus free peanuts while you wait.","Fast food restaurant, American restaurant, Hot dog restaurant, Hot dog stand, Restaurant",https://restaurants.fiveguys.com/10922-parkside-drive,4.4,580,"10922 Parkside Dr, Knoxville, TN 37923",35.9020532 -84.1483705,+1 865-675-4897
Round Up Restaurant and Ice Cream,,Restaurant,https://round-up-restaurant-and-ice-cream.business.site/?utm_source=gmb&utm_medium=referral,4.6,497,"3643 Sevierville Pike, Knoxville, TN 37920",35.9449391 -83.8908323,+1 865-577-8981
Cook Out,"Branch of a fast-food chain known for its drive-thru BBQ, burgers & more than 40 milkshake flavors.","Restaurant, American restaurant, Barbecue restaurant, Chicken restaurant, Fast food restaurant, Hamburger restaurant, Hot dog restaurant",https://cookout.com/,4.1,2046,"2135 Cumberland Ave, Knoxville, TN 37916",35.954239 -83.93885569999999,+1 865-525-2662
Emilia,"Regional Italian dishes, including house-made pastas, are paired with wine in a brick-walled space.","Italian restaurant, Restaurant",https://www.emiliaknox.com/,4.5,613,"16 Market Square, Knoxville, TN 37902",35.9653286 -83.9193715,+1 865-313-2472
The Original Louis Drive in Restaurant,"Old-school eatery serving Italian & American classics, from pasta to burgers, in a no-frills setup.","Italian restaurant, Restaurant",https://theoriginallouis.com/,4.4,2211,"4661 Old Broadway, Knoxville, TN 37918",36.0187539 -83.9246656,+1 865-688-4121
Union Place Bar & Grill,"Informal place with pool tables & weekend live music serving homemade burgers, sandwiches & fries.",Restaurant,https://www.unionplacebar.com/,4.5,363,"4884 Chambliss Ave, Knoxville, TN 37919",35.940838899999996 -83.987071,+1 865-540-6904
Mellow Mushroom Farragut,"Funky, art-filled chain pizzeria featuring craft beer, calzones & creative stone-baked pizzas.","Pizza restaurant, Caterer, Gluten-free restaurant, Restaurant, Sandwich shop, Vegan restaurant",https://mellowmushroom.com/location/tn-farragut-635-n-campbell-station-rd-37934/?utm_source=gmb&utm_medium=organic&utm_campaign=Farragut-TN&utm_content=82,4.4,1435,"635 N Campbell Station Rd, Farragut, TN 37934",35.8940185 -84.1747068,+1 865-777-6768
OliBea,"Breakfast standards & coffee served in an airy, colorful space adorned with local art.","Breakfast restaurant, Brunch restaurant, Coffee shop, Restaurant",https://olibeaoldcity.com/,4.6,852,"211 S Central St, Knoxville, TN 37902",35.968367199999996 -83.9176835,+1 865-200-5450
Connors Steak & Seafood,Neighborhood restaurant & bar serving aged steaks & fresh seafood in a warm atmosphere.,"Steak house, American restaurant, Seafood restaurant, Wine bar",https://connorsrestaurant.com/,4.8,2913,"10915 Turkey Dr, Knoxville, TN 37934",35.9039618 -84.1476502,+1 865-966-0933
Bistro at the Bijou,Cozy bistro with a seasonal menu of comfort fare to accompany shows in the attached theater.,"Bistro, Brunch restaurant, Hamburger restaurant, Lunch restaurant, Southern restaurant (US), Vegetarian restaurant",https://www.thebistroatthebijou.com/,4.5,598,"807 S Gay St, Knoxville, TN 37902",35.9624029 -83.916761,+1 865-544-0537
"MOOYAH Burgers, Fries & Shakes","Counter-serve chain for custom burgers, including poultry & veggie versions, plus fries & shakes.",Hamburger restaurant,https://www.mooyah.com/locations/knoxville-tn-117/,4.5,2100,"7301 Kingston Pike, Knoxville, TN 37919",35.930703 -84.03003799999999,+1 865-474-1641
Mellow Mushroom Knoxville,"Funky, art-filled chain pizzeria featuring craft beer, calzones & creative stone-baked pizzas.","Pizza restaurant, Caterer, Gluten-free restaurant, Restaurant, Sandwich shop, Vegan restaurant",https://mellowmushroom.com/location/tn-knoxville-2109-cumberland-ave-37916/?utm_source=gmb&utm_medium=organic&utm_campaign=Knoxville-TN&utm_content=1,4.2,1031,"2109 Cumberland Ave, Knoxville, TN 37916",35.9546803 -83.9380247,+1 865-687-4766
The Tomato Head,"Hip American cafe-bakery serving light, hearty & vegetarian fare including pizza with beer & wine.","American restaurant, Brunch restaurant, Caterer, Pizza restaurant, Pizza Takeout, Vegan restaurant, Vegetarian restaurant",https://thetomatohead.com/,4.5,1297,"The Gallery Shopping Center, 7240 Kingston Pike #172, Knoxville, TN 37919",35.928937 -84.030671,+1 865-584-1075
Fazoli's,"Fast-food chain doling out baked pastas, subs, pizza & other casual Italian fare plus custom combos.","Italian restaurant, Caterer, Family restaurant, Takeout Restaurant, Pasta shop, Pizza restaurant, Restaurant",https://locations.fazolis.com/tn/knoxville/9515-kingston-pike.html?utm_source=yext+GMB&utm_medium=local&utm_campaign=website&y_source=1_MzExNzE0Ni03MTUtbG9jYXRpb24ud2Vic2l0ZQ%3D%3D,4.4,1231,"9515 Kingston Pike, Knoxville, TN 37922",35.909675899999996 -84.10100709999999,+1 865-694-1162
The Chop House,"Informal chain outpost serving grilled steaks, prime rib & seafood, plus a variety of wines.","Steak house, American restaurant, Restaurant, Seafood restaurant",https://www.thechophouse.com/,4.4,1857,"4870 Harvest Mill Way, Knoxville, TN 37918",36.028143799999995 -83.9271776,+1 865-687-1330
El Charro Mexican Restaurant,Informal restaurant providing standard plates of Mexican fare & margaritas in a laid-back ambiance.,Mexican restaurant,https://elcharroknoxville.com/,4.3,639,"3816 Sutherland Ave, Knoxville, TN 37919",35.944541199999996 -83.9827296,+1 865-584-9807
Cracker Barrel Old Country Store,"Homey chain restaurant serving American comfort food, with an on-site general store.","American restaurant, Breakfast restaurant, Family restaurant, Gift shop, Takeout Restaurant, Restaurant, Southern restaurant (US)",https://www.crackerbarrel.com/Locations/States/tn/knoxville/75/?utm_source=google&utm_medium=maps&utm_campaign=crackerbarrelurl,4.3,2693,"716 N Campbell Station Rd, Knoxville, TN 37934",35.8972604 -84.1746086,+1 865-675-1446
Kefi,,Greek restaurant,https://kefiknox.com/,4.7,650,"120 E Jackson Ave, Knoxville, TN 37915",35.9707484 -83.9177978,+1 865-544-8564
Chuy's,"Chain serving ""big as yo' face"" burritos & other Tex-Mex dishes in kitschy, Elvis-heavy settings.","Tex-Mex restaurant, Mexican restaurant, Restaurant",https://www.chuys.com/,4.4,3273,"9235 Kingston Pike, Knoxville, TN 37922",35.9119481 -84.0887029,+1 865-670-4141
Mama Mia Mediterranean food,Casual restaurant hidden away in a strip mall with hefty portions of Italian & Greek cooking.,"Middle Eastern restaurant, Halal restaurant, Mediterranean restaurant",https://www.mamamiacuisine.com/,4.4,758,"9115 Executive Park Dr, Knoxville, TN 37923",35.9216245 -84.0877642,+1 865-691-9100
Blaze Pizza,"Hip counter-serve pizzeria dishing up crispy, thin-crust pies made with creative toppings & sauces.","Pizza restaurant, Family restaurant, Pizza Takeout",https://www.blazepizza.com/locations/knoxville/,4.6,1643,"113 N Peters Rd, Knoxville, TN 37923",35.912929 -84.082792,+1 865-225-1839
Chivo Taqueria,"Gourmet tacos & an extensive tequila menu offered in a dark, rustic-chic tavern with a trendy vibe.","Taco restaurant, Mexican restaurant",https://chivotaqueria.com/,4.5,1321,"314 S Gay St, Knoxville, TN 37902",35.9667361 -83.9189528,+1 865-444-3161
Gondolier Italian Restaurant & Pizza,"Family-owned establishment featuring pasta dishes, pizza & other Italian staples in a comfy setting.","Italian restaurant, Pizza restaurant, Pizza Takeout, Restaurant",https://gondolierpizza.com/,4.3,1035,"1063 N Cedar Bluff Rd, Knoxville, TN 37923",35.9413334 -84.0952227,+1 865-693-0999
Cracker Barrel Old Country Store,"Homey chain restaurant serving American comfort food, with an on-site general store.","American restaurant, Breakfast restaurant, Family restaurant, Gift shop, Takeout Restaurant, Restaurant, Southern restaurant (US)",https://www.crackerbarrel.com/Locations/States/tn/knoxville/12/?utm_source=google&utm_medium=maps&utm_campaign=crackerbarrelurl,4.4,3873,"5001 Central Ave Pike, Knoxville, TN 37912",36.0092035 -83.9687373,+1 865-688-7396
Finn's Irish Restaurant & Tavern,,"Restaurant, Bar",https://www.finnstavern.com/,4.6,532,"Baker Peters House, 9000 Kingston Pike, Knoxville, TN 37923",35.9122413 -84.0817916,+1 865-357-0894
Mahogany's Restaurant,,Seafood restaurant,nan,3.7,83,"401 W Summit Hill Dr SW, Knoxville, TN 37902",35.9671309 -83.92057679999999,+1 865-522-2600
Five Guys,"Fast-food chain with made-to-order burgers, fries & hot dogs, plus free peanuts while you wait.","Fast food restaurant, American restaurant, Hot dog restaurant, Hot dog stand, Restaurant",https://restaurants.fiveguys.com/2032-town-center-boulevard,4.4,439,"2032 Town Center Blvd, Knoxville, TN 37922",35.859595999999996 -84.0764313,+1 865-337-8596
Silvia's Mexican Restaurant,,Mexican restaurant,https://www.silviasmexican.com/,4.4,312,"2421 University Commons Way, Knoxville, TN 37919",35.9497512 -83.9392269,+1 865-851-8888
Bojangles,"Southern-inspired fast-food chain known for fried chicken & biscuit, plus signature sides.","Restaurant, American restaurant, Chicken restaurant, Family restaurant, Fast food restaurant, Takeout Restaurant, Sandwich shop, Southern restaurant (US)",https://locations.bojangles.com/tn/powell/1920-west-emory-road.html,3.8,685,"1920 W Emory Rd, Powell, TN 37849",36.0300947 -84.02927799999999,+1 865-859-9246
Savelli's Italian Restaurant,Hearty portions of traditional Italian eats including calzones & eggplant parmesan in a cozy space.,"Italian restaurant, Pizza restaurant, Pizza Takeout, Seafood restaurant, Steak house",https://savellisknoxville.com/,4.2,549,"3055 Sutherland Ave, Knoxville, TN 37919",35.9523076 -83.96704919999999,+1 865-521-9085
Taste of Thai,"Classic dishes, including curries & pad Thai, served in a casual setting with a full bar & a patio.","Thai restaurant, Asian restaurant, Bar, Restaurant, Southeast Asian restaurant",https://facebook.com/tasteofthaiknoxville/,4.3,1133,"8926 Town and Country Cir, Knoxville, TN 37923",35.9176068 -84.0839427,+1 865-691-4442
Jackie's Dream,Bare-bones eatery offering classic Southern comfort grub & soul food plus hearty sides.,"Southern restaurant (US), Soul food restaurant",https://jackiesdreamknoxville.com/,4.7,1231,"1008 E Woodland Ave, Knoxville, TN 37917",35.991226 -83.92388799999999,+1 865-219-5789
O'Charley's Restaurant & Bar,"Relaxed chain restaurant cooking American comfort staples, with take-out options & a full bar.","American restaurant, Bar & grill",https://www.ocharleys.com/,3.8,1327,"117 Cedar Ln, Knoxville, TN 37912",36.013109 -83.969567,+1 865-689-2870
The Cheesecake Factory,American chain restaurant offering sizable portions from a vast menu including signature cheesecake,"Restaurant, American restaurant, Dessert restaurant, Takeout Restaurant",https://locations.thecheesecakefactory.com/tn/knoxville-166.html?utm_source=Google&utm_medium=Maps&utm_campaign=Google+Places,4.3,3544,"201 Morrell Rd, Knoxville, TN 37919",35.9256548 -84.0365266,+1 865-670-7443
Dead End BBQ,BBQ sandwiches & plates served with sides & draft beer in a low-key space with sports memorabilia.,"Barbecue restaurant, American restaurant, Caterer, Family restaurant, Restaurant, Sports bar",https://www.deadendbbq.com/,4.4,1857,"3621 Sutherland Ave, Knoxville, TN 37919",35.946725799999996 -83.98010409999999,+1 865-212-5655
Cook Out,"Branch of a fast-food chain known for its drive-thru BBQ, burgers & more than 40 milkshake flavors.","Restaurant, American restaurant, Barbecue restaurant, Chicken restaurant, Fast food restaurant, Hamburger restaurant, Hot dog restaurant",https://cookout.com/,4.2,2047,"435 E Emory Rd, Powell, TN 37849",36.0503421 -83.9967884,+1 866-547-0011
Monterrey Mexican Restaurant,Mexican favorites & many flavors of margaritas in a casual space with traditional accents.,Mexican restaurant,https://www.facebook.com/monterreyknoxville/,4.4,1554,"105 Cedar Ln, Knoxville, TN 37912",36.012404 -83.96994099999999,+1 865-688-5668
Kabuki Restaurant (Farragut),"Artfully presented Japanese sushi & hibachi-grilled fare served in a sleek, contemporary setting.","Japanese restaurant, Asian restaurant, Restaurant, Sushi restaurant",https://www.kabukitn.com/,4.4,728,"10901 Parkside Dr #105, Knoxville, TN 37934",35.9027391 -84.146164,+1 865-288-4111
Tequila Amigos,,"Mexican restaurant, Takeout Restaurant, Restaurant",nan,4.3,880,"4824 Harvest Mill Way, Knoxville, TN 37918",36.0268589 -83.92631899999999,+1 865-240-3652
The Plaid Apron,"Modern, minimalist cafe serving American breakfasts, lunches & Saturday brunch, with a local focus.",New American restaurant,https://theplaidapron.co/,4.4,417,"1210 Kenesaw Ave, Knoxville, TN 37919",35.9340526 -83.9632934,+1 865-247-4640
Five Guys,"Fast-food chain with made-to-order burgers, fries & hot dogs, plus free peanuts while you wait.","Fast food restaurant, American restaurant, Hot dog restaurant, Hot dog stand, Restaurant",https://restaurants.fiveguys.com/7531-barnett-way,4.5,1029,"7531 Barnett Way, Powell, TN 37849",36.0525483 -83.9937554,+1 865-512-7004
Lempira Mexican Restaurant & Latin Cuisine,,Honduran restaurant,https://orderlempiramexicanrestaurantandlatincuisine.com/,4.0,249,"8078 Kingston Pike #151, Knoxville, TN 37919",35.9236153 -84.0498678,+1 865-409-4771
El Mezcal Mexican Restaurant,,"Mexican restaurant, Latin American restaurant, Restaurant",https://elmezcalknoxville.com/,3.9,412,"118 N Forest Park Blvd, Knoxville, TN 37919",35.9419514 -83.9812397,+1 865-558-6416
EL BURRO FLOJO MEXICAN RESTAURANT,"Lively spot for traditional Mexican-American fare & full bar amid secluded booths, TVs & art.","Mexican restaurant, Food service",https://www.burroflojo.com/,4.4,974,"8079 Kingston Pike, Knoxville, TN 37919",35.9255306 -84.047775,+1 865-247-0414
Sticky Rice Cafe,Family-run eatery showcasing traditional Lao & Thai dishes & bubble tea in cheery surroundings.,Laotian restaurant,https://www.stickyriceknox.com/,4.8,1202,"120 Jack Dance St, Knoxville, TN 37919",35.9272139 -84.04341939999999,+1 865-249-6273
Texas Roadhouse,Lively chain steakhouse serving American fare with a Southwestern spin amid Texas-themed decor.,Steak house,https://www.texasroadhouse.com/locations/231-turkey-creektn,4.3,2664,"11001 Turkey Dr, Knoxville, TN 37922",35.903546999999996 -84.15108099999999,+1 865-392-9150
Melting Pot,"Fondue restaurant chain offering heated pots of cheese, chocolate or broth for dipping & cooking.","Fondue restaurant, Fine dining restaurant",https://www.meltingpot.com/knoxville-tn/,4.7,1781,"111 N Central St, Knoxville, TN 37902",35.970798099999996 -83.9187894,+1 865-971-5400
Aladdin's cafe,,"Sandwich shop, American restaurant, Falafel restaurant, Gyro restaurant, Health food restaurant, Mediterranean restaurant",https://www.aladdincafetn.com/,4.6,256,"7025 Kingston Pike, Knoxville, TN 37919",35.932149599999995 -84.0244393,+1 865-312-9581
La Fiesta Mexican Restaurant,"Classic Mexican fare & cocktails offered in a relaxed, colorful cantina with quaint decor.",Mexican restaurant,nan,4.5,767,"5707 Western Ave, Knoxville, TN 37921",35.979878299999996 -84.01370349999999,+1 865-588-2599
Gallo Loco Mexican Restaurant,,Mexican restaurant,nan,4.6,1175,"80 E Tennessee Ave, Oak Ridge, TN 37830",36.0285806 -84.2385451,+1 865-685-0686
Buffalo Wild Wings,"Chain dishing up wings, tenders & burgers, plus sauces ranging from sweet to very spicy.","Chicken wings restaurant, American restaurant, Bar & grill, Takeout Restaurant, Restaurant, Sports bar",https://www.buffalowildwings.com/locations/us/tn/knoxville/11431-parkside-dr/sports-bar-230?utm_source=google%20my%20business&utm_medium=organic&utm_campaign=website%20link,3.9,1267,"11431 Parkside Dr, Farragut, TN 37934",35.900672899999996 -84.1635118,+1 865-966-7300
Viet Taste Restaurant,,Vietnamese restaurant,nan,4.3,434,"215 N Peters Rd, Knoxville, TN 37923",35.9153279 -84.0835415,+1 865-249-8424
Taco Boy Sports Bar & Grill,,"Sports bar, Mexican restaurant",https://tacoboyknoxville.com/,4.6,683,"747 N Campbell Station Rd, Knoxville, TN 37932",35.897363399999996 -84.1759889,+1 865-288-7889
El Mezcal Mexican Restaurant,Easygoing Mexican eatery with colorful decor serving traditional fare with seafood specialties.,"Mexican restaurant, Takeout Restaurant, Restaurant",https://www.elmezcalknoxville.com/,4.5,635,"11110 Kingston Pike STE 127, Knoxville, TN 37934",35.8875901 -84.1487721,+1 865-966-6972
SoKno Taco Cantina,Modern Mexican restaurant with classic fare in a family-friendly setting with outdoor & bar seating.,Mexican restaurant,https://www.soknota.co/,4.4,2237,"3701 Sevierville Pike, Knoxville, TN 37920",35.9447907 -83.89044249999999,+1 865-851-8882
King Gyros Mediterranean Restaurant,,"Restaurant, Gyro restaurant, Mediterranean restaurant",https://kinggyrosknox.com/,4.5,185,"7600 Kingston Pike, Knoxville, TN 37919",35.9256293 -84.0383147,+1 859-420-8676
First Watch,"Cafe chain for health-minded breakfast, brunch & lunch options such as omelets, salads & soups.","Breakfast restaurant, American restaurant, Brunch restaurant, Family restaurant, Fast food restaurant, Health food restaurant, Lunch restaurant, Restaurant, Traditional American restaurant",https://www.firstwatch.com/locations/lovell-road,4.4,880,"111 Lovell Rd, Farragut, TN 37934",35.896491999999995 -84.13927699999999,+1 865-671-3447
WokChow Fire Seared Asian,"Asian dishes, including create-your-own stir-fries, in a casual dining room with eclectic decor.","Asian restaurant, Chinese restaurant, Delivery Restaurant",https://www.wokchow.com/,4.2,691,"4612 Kingston Pike, Knoxville, TN 37919",35.940422999999996 -83.9810299,+1 865-766-5457
Waffle House,"Simple chain spot offering American diner fare & all-day breakfast, including signature waffles.","Breakfast restaurant, American restaurant, Diner, Family restaurant, Takeout Restaurant, Restaurant",https://locations.wafflehouse.com/knoxville-tn-293,4.3,1878,"6230 Papermill Dr NW, Knoxville, TN 37919",35.9375461 -84.00838089999999,+1 865-588-9148
Oliver Royale,"Inventive, seasonal American dishes, cocktails & weekend brunch in a cosmopolitan atmosphere.","New American restaurant, Bar, Restaurant",https://www.oliverroyale.com/,4.5,628,"5 Market Square, Knoxville, TN 37902",35.9648301 -83.9196075,+1 865-622-6434
Bojangles,"Southern-inspired fast-food chain known for fried chicken & biscuit, plus signature sides.","Restaurant, American restaurant, Chicken restaurant, Family restaurant, Fast food restaurant, Takeout Restaurant, Sandwich shop, Southern restaurant (US)",https://locations.bojangles.com/tn/knoxville/3813-north-broadway.html,4.2,1259,"3813 N Broadway, Knoxville, TN 37917",36.006983 -83.926994,+1 865-312-9571
Shoney's - Powell,"Family-oriented chain serving an all-American diner-style menu for breakfast, lunch & dinner.","Family restaurant, American restaurant, Breakfast restaurant, Brunch restaurant, Lunch restaurant",https://www.shoneysknox.com/,4.1,1392,"315 E Emory Rd, Powell, TN 37849",36.048394 -84.003309,+1 865-947-5315
El Rey Mexican Restaurant,,"Mexican restaurant, Latin American restaurant",https://elreypowell.com/,4.3,413,"3515 W Emory Rd, Powell, TN 37849",36.0211792 -84.0511722,+1 865-947-8568
Outback Steakhouse,"Boisterous Australian-themed chain serving steaks, seafood & other hearty steakhouse fare.","Steak house, American restaurant, Australian restaurant, Bar, Bar & grill, Gluten-free restaurant, Takeout Restaurant, Restaurant",https://locations.outback.com/tennessee/knoxville/330-north-peters-road.,4.3,2026,"330 N Peters Rd, Knoxville, TN 37922",35.914766799999995 -84.09432819999999,+1 865-539-2540
Waffle House,"Simple chain spot offering American diner fare & all-day breakfast, including signature waffles.","Breakfast restaurant, American restaurant, Diner, Family restaurant, Takeout Restaurant, Restaurant",https://locations.wafflehouse.com/powell-tn-723,4.4,983,"309 E Emory Rd, Powell, TN 37849",36.047366499999995 -84.0034597,+1 865-938-9608
LongHorn Steakhouse,Casual steakhouse chain known for grilled beef & other American dishes in a ranch-style space.,"Steak house, Bar & grill, Barbecue restaurant, Family restaurant, Takeout Restaurant, Traditional American restaurant",https://www.longhornsteakhouse.com/locations/tn/farragut/farragut-turkey-creek/5460?cmpid=br:lh_ag:ie_ch:loc_ca:LHGMB_sn:gmb_gt:farragut-tn-5460_pl:locurl_rd:1400,4.5,1731,"11644 Parkside Dr, Farragut, TN 37934",35.8945769 -84.17047099999999,+1 865-966-6954
Little Bangkok,"Vast menu of Thai dishes from curries to crab rangoon, served in an airy, colorful space.","Thai restaurant, Asian restaurant, Chinese restaurant, Southeast Asian restaurant",https://www.littlebangkokknox.com/,4.4,623,"603 N Campbell Station Rd, Knoxville, TN 37934",35.8934731 -84.1750675,+1 865-675-3688
Golden Garden Chinese Restaurant,"Small, down-to-earth Chinese spot whipping up lo mein, fried rice & other takeout-style fare.","Chinese restaurant, Family restaurant, Restaurant",nan,4.6,410,"5737 Western Ave, Knoxville, TN 37921",35.9803844 -84.0149095,+1 865-588-5517
Chick-fil-A,Fast-food chain serving chicken sandwiches & nuggets along with salads & sides.,"Fast food restaurant, Breakfast restaurant, Caterer, Chicken restaurant, Delivery service, Family restaurant",https://www.chick-fil-a.com/reloturkeycreek,4.5,1212,"11068 Parkside Dr, Knoxville, TN 37934",35.9018448 -84.1515579,+1 865-675-7400
LongHorn Steakhouse,Casual steakhouse chain known for grilled beef & other American dishes in a ranch-style space.,"Steak house, Bar & grill, Barbecue restaurant, Family restaurant, Takeout Restaurant, Traditional American restaurant",https://www.longhornsteakhouse.com/locations/tn/knoxville/knoxville-west-town/5541?cmpid=br:lh_ag:ie_ch:loc_ca:LHGMB_sn:gmb_gt:knoxville-tn-5541_pl:locurl_rd:1470,4.2,1748,"7740 Kingston Pike, Knoxville, TN 37919",35.9256136 -84.0410789,+1 865-693-8700
Shoney's - Chapman Hwy,"Family-oriented chain serving an all-American diner-style menu for breakfast, lunch & dinner.","American restaurant, Breakfast restaurant, Family restaurant, Hamburger restaurant, Restaurant",https://www.shoneysknox.com/locations,4.0,1608,"2612 Chapman Hwy, Knoxville, TN 37920",35.949603599999996 -83.9132997,+1 865-573-4514
First Watch,"Cafe chain for health-minded breakfast, brunch & lunch options such as omelets, salads & soups.","Breakfast restaurant, American restaurant, Brunch restaurant, Family restaurant, Fast food restaurant, Health food restaurant, Lunch restaurant, Restaurant, Traditional American restaurant",https://www.firstwatch.com/locations/turkey-creek,4.5,675,"11682 Parkside Dr, Knoxville, TN 37934",35.892841 -84.17110559999999,+1 865-675-3447
Chipotle Mexican Grill,"Fast-food chain offering Mexican fare, including design-your-own burritos, tacos & bowls.","Mexican restaurant, Caterer, Fast food restaurant",https://locations.chipotle.com/tn/knoxville/1701-cumberland-ave?utm_source=google&utm_medium=yext&utm_campaign=yext_listings,4.2,447,"1701 Cumberland Ave, Knoxville, TN 37916",35.956620099999995 -83.93276329999999,+1 865-525-0585
Dazzo's Pizzeria,"Pizzeria offers pies with from-scratch dough, plus subs & pasta in a cheery, cafe-style space.","Pizza restaurant, Italian restaurant, Takeout Restaurant, Pizza delivery, Pizza Takeout, Restaurant",https://www.dazzospizza.com/,4.4,770,"710 S Gay St, Knoxville, TN 37902",35.9631523 -83.91675,+1 865-525-2105
Aladdin Grill & Pizza,,"Pizza restaurant, Takeout Restaurant, Pizza delivery, Restaurant",https://www.aladdingrillpizza.com/?utm_source=gbp,3.5,216,"1723 Cumberland Ave, Knoxville, TN 37916",35.956568499999996 -83.9337152,+1 865-247-4289
Pho 99,,"Pho restaurant, Vietnamese restaurant",https://pho99tn.com/,4.3,671,"9117 Executive Park Dr, Knoxville, TN 37923",35.921397299999995 -84.0878812,+1 865-357-2099
El Jinete - Oakridge's Mexican Restaurant,,"Mexican restaurant, Bar, Bar & grill, Restaurant",https://eljinetemexicanrestaurants.com/,4.6,483,"770 Briarcliff Ave, Oak Ridge, TN 37830",36.0243049 -84.2305233,+1 865-294-5170
P.F. Chang's,Family-friendly chain offering creative takes on Asian fare in a striking space.,"Chinese restaurant, Asian restaurant, Delivery Chinese restaurant, Dim sum restaurant, Takeout Restaurant, Sushi restaurant",https://www.pfchangs.com/locations/us/tn/knoxville/6741-kingston-pike/9923-knoxville.html?utm_source=YextMain&utm_medium=Directory,4.3,2177,"6741 Kingston Pike, Knoxville, TN 37919",35.9333995 -84.01817229999999,+1 865-212-5514
Steak 'n Shake,Chain known for steakburgers & milkshakes offering a dinerlike space with retro flair.,"Hamburger restaurant, American restaurant",nan,3.8,1920,"310 Wild Geese Rd, Knoxville, TN 37922",35.9022244 -84.15388899999999,+1 865-675-2551
Don Delfis Pancake House and Restaurant,,Breakfast restaurant,nan,4.3,572,"120 West End Ave #2822, Knoxville, TN 37934",35.8860543 -84.15424589999999,+1 865-288-3696
Archers BBQ,"Local BBQ chain serving ribs, plates, sandwiches & comfort sides in a relaxed setting.","Barbecue restaurant, American restaurant, Caterer, Gluten-free restaurant, Takeout Restaurant, Sandwich shop, Southern restaurant (US)",https://www.archersbbq.com/,4.5,471,"5415 Kingston Pike, Knoxville, TN 37919",35.9358128 -83.99308549999999,+1 865-394-9580
East Japanese Restaurant,,Restaurant,https://m.facebook.com/East-Japanese-Restaurant-112674475454838/,4.5,142,"11509 Kingston Pike, Farragut, TN 37934",35.881696999999996 -84.16389079999999,+1 865-671-4404
First Watch,"Cafe chain for health-minded breakfast, brunch & lunch options such as omelets, salads & soups.","Breakfast restaurant, American restaurant, Brunch restaurant, Family restaurant, Fast food restaurant, Health food restaurant, Lunch restaurant, Restaurant, Traditional American restaurant",https://www.firstwatch.com/locations/bearden-hill,4.5,1233,"6474 Kingston Pike, Knoxville, TN 37919",35.9311923 -84.009929,+1 865-249-8795
Maple Street Biscuit Company - Sherrill Hill,Casual cafe serving biscuit sandwiches & Southern sides for breakfast & lunch.,"Breakfast restaurant, Brunch restaurant, Lunch restaurant, Restaurant, Southern restaurant (US)",https://www.maplestreetbiscuits.com/sherrill-hill-2/,4.4,1188,"9314 Kingston Pike, Knoxville, TN 37922",35.909964099999996 -84.093473,+1 865-247-6793
Chipotle Mexican Grill,"Fast-food chain offering Mexican fare, including design-your-own burritos, tacos & bowls.","Mexican restaurant, Caterer, Fast food restaurant",https://locations.chipotle.com/tn/knoxville/7600-kingston-pike?utm_source=google&utm_medium=yext&utm_campaign=yext_listings,4.0,289,"7600 Kingston Pike Ste 1348A, Knoxville, TN 37919",35.925474699999995 -84.03797259999999,+1 865-407-2008
Bida Saigon,"Vietnamese favorites such as pho, vermicelli dishes & banh mi served in a down-to-earth setting.","Vietnamese restaurant, Asian restaurant, Southeast Asian restaurant",https://www.bidasaigoncafe.com/,4.5,910,"8078 Kingston Pike, Knoxville, TN 37919",35.923005599999996 -84.0498222,+1 865-694-5999
Outback Steakhouse,"Boisterous Australian-themed chain serving steaks, seafood & other hearty steakhouse fare.","Steak house, American restaurant, Australian restaurant, Bar, Bar & grill, Gluten-free restaurant, Takeout Restaurant, Restaurant",https://locations.outback.com/tennessee/knoxville/314-a-merchant-drive,4.0,1805,"314 A Merchant Dr, Knoxville, TN 37912",36.0082537 -83.972979,+1 865-281-0999
Downtown Grill & Brewery,Patrons visit for beers brewed in-house & a global menu of bar food as well as a Sunday jazz brunch.,"Bar & grill, Bar, Brewery, Family restaurant, Restaurant",https://www.downtownbrewery.com/,4.4,1983,"424 S Gay St, Knoxville, TN 37902",35.965691199999995 -83.91814769999999,+1 865-633-8111
Pei Wei Asian Kitchen,Counter-serve Pan-Asian chain for health-conscious noodle & rice dishes & more.,"Chinese restaurant, Asian fusion restaurant, Asian restaurant",https://www.peiwei.com/tennessee/204-knoxville-turkey-creek,3.9,338,"11301 Parkside Dr, Knoxville, TN 37934",35.9003665 -84.15870319999999,+1 865-966-1610
Pete's Coffee Shop,Sandwiches & other diner staples in an enduring American breakfast & lunch joint.,"Breakfast restaurant, Restaurant",https://www.petescoffeeshop.com/,4.7,1006,"540 Union Ave, Knoxville, TN 37902",35.9639297 -83.9209396,+1 865-523-2860
Zaxby's Chicken Fingers & Buffalo Wings,"Chain eatery serving up fried chicken fingers, wings, sandwiches & other American comfort food.","Chicken restaurant, Fast food restaurant",https://www.zaxbys.com/locations/tn/knoxville/2024-cumberland-ave/?utm_source=local&utm_medium=organic&utm_campaign=fb,4.1,511,"2024 Cumberland Ave, Knoxville, TN 37916",35.954285999999996 -83.937613,+1 865-545-4416
Bojangles,"Southern-inspired fast-food chain known for fried chicken & biscuit, plus signature sides.","Restaurant, American restaurant, Chicken restaurant, Family restaurant, Fast food restaurant, Takeout Restaurant, Sandwich shop, Southern restaurant (US)",https://locations.bojangles.com/tn/knoxville/9101-kingston-pike.html,4.0,398,"9101 Kingston Pike, Knoxville, TN 37923",35.9125872 -84.08466659999999,+1 865-692-1086
Chick-fil-A,Fast-food chain serving chicken sandwiches & nuggets along with salads & sides.,"Fast food restaurant, Breakfast restaurant, Caterer, Chicken restaurant, Delivery service, Family restaurant",https://www.chick-fil-a.com/emoryroad,4.6,2790,"540 E Emory Rd, Powell, TN 37849",36.0503964 -83.9937202,+1 865-938-2445
Chez Guevara Restaurant,Festive joint offering up traditional Mexican fare & margaritas in kitschy digs.,Mexican restaurant,nan,4.4,464,"8023 Kingston Pike, Knoxville, TN 37919",35.926553399999996 -84.0471839,+1 865-690-5250
Chick-fil-A,Fast-food chain serving chicken sandwiches & nuggets along with salads & sides.,"Fast food restaurant, Breakfast restaurant, Caterer, Chicken restaurant, Delivery service, Family restaurant",https://www.chick-fil-a.com/fountaincity,4.6,3425,"5100 N Broadway St, Knoxville, TN 37918",36.0318447 -83.92914379999999,+1 865-689-9661
First Watch,"Cafe chain for health-minded breakfast, brunch & lunch options such as omelets, salads & soups.","Breakfast restaurant, American restaurant, Brunch restaurant, Family restaurant, Fast food restaurant, Health food restaurant, Lunch restaurant, Restaurant, Traditional American restaurant",https://www.firstwatch.com/locations/fountain-city,4.5,918,"5144 N Broadway St, Knoxville, TN 37918",36.0328126 -83.929831,+1 865-282-3208
Bojangles,"Southern-inspired fast-food chain known for fried chicken & biscuit, plus signature sides.","Restaurant, American restaurant, Chicken restaurant, Family restaurant, Fast food restaurant, Takeout Restaurant, Sandwich shop, Southern restaurant (US)",https://locations.bojangles.com/tn/knoxville/2714-chapman-highway.html,4.0,680,"2714 Chapman Hwy, Knoxville, TN 37920",35.9486987 -83.912759,+1 865-337-5609
Petro's Chili & Chips - Emory Road,,"American restaurant, Southwestern restaurant (US)",https://www.petros.com/,4.3,356,"631 E Emory Rd, Powell, TN 37849",36.053052199999996 -83.9903793,+1 865-859-0513
TOMO POKE BOWL + RAMEN HOUSE,"Cozy Japanese joint in a strip mall offering sushi rolls, hibachi fare & sake, plus daily specials.","Japanese restaurant, Asian restaurant, Hawaiian restaurant, Poke bar, Ramen restaurant, Self service restaurant",https://tomoknoxville.com/,4.3,588,"7315 Kingston Pike, Knoxville, TN 37919",35.930859999999996 -84.030458,+1 865-584-0047
Cancun Mexican Restaurant,,"Mexican restaurant, Restaurant",https://www.cancunknox.com/,4.0,691,"4409 Chapman Hwy suite e, Knoxville, TN 37920",35.9320269 -83.9053237,+1 865-577-8881
Sonic Drive-In,"Fast-food burger & fries joint with an old-school feel, including retro drive-in service.","Fast food restaurant, Chicken restaurant, Hamburger restaurant, Ice cream shop, Restaurant",https://locations.sonicdrivein.com/tn/knoxville/2742-schaad-road.html?utm_source=google%20my%20business&utm_medium=organic&utm_campaign=website%20link,3.8,1629,"2742 Schaad Rd, Knoxville, TN 37921",36.0046683 -84.0195617,+1 865-947-1797
Stir Fry Cafe West Hills,Thai dishes share the menu with Chinese eats & sushi at this relaxed Pan-Asian option with a patio.,"Asian fusion restaurant, Restaurant, Sushi restaurant",https://www.stirfrycafeknoxville.com/,4.3,562,"7240 Kingston Pike #128, Knoxville, TN 37919",35.9294661 -84.029401,+1 865-588-2064
Chopsticks Asian Cuisine,,Restaurant,https://www.chopsticksoakridge.com/?utm_source=gmb&utm_medium=website,3.8,104,"772 Briarcliff Ave, Oak Ridge, TN 37830",36.0243731 -84.2306993,+1 865-220-8598
Plum Tree Chinese Restaurant,No-frills eatery offering Chinese & Thai favorites including crab rangoon & pad Thai.,Chinese restaurant,https://plum-tree-chinese-restaurant.business.site/?utm_source=gmb&utm_medium=referral,4.1,358,"7052 Kingston Pike, Knoxville, TN 37919",35.9310121 -84.0249769,+1 865-588-2002
Kabuki Restaurant (Downtown),"Extensive menu of classic sushi, creative rolls, & hibachi (grill) in an interior lit with neon.","Japanese restaurant, Bar, Sushi restaurant",https://downtown.kabukitn.com/,4.0,557,"19 Market Square, Knoxville, TN 37902",35.965289999999996 -83.9198837,+1 865-521-3888
Surin of Thailand,Chain restaurant offering Thai dishes such as curries & noodles plus sushi & martinis.,"Thai restaurant, Sushi restaurant",https://surinofthailand.com/location/surin-knoxville/,4.5,958,"6213 Kingston Pike, Knoxville, TN 37919",35.932802599999995 -84.0050395,+1 865-330-0007
Brenz Pizza Co. Knoxville,,"Pizza restaurant, Caterer, Chicken wings restaurant, Pizza delivery, Pizza Takeout, Restaurant, Salad shop, Sandwich shop",https://brenzpizzaco.com/knoxville-tn,4.1,336,"1705 Cumberland Ave, Knoxville, TN 37916",35.956533 -83.93278699999999,+1 865-525-2882
Market Cocina,,"Mexican restaurant, Fast food restaurant, Taco restaurant",https://www.wholefoodsmarket.com/stores/knoxville,2.0,4,"6730 Papermill Dr NW, Knoxville, TN 37919",35.9330472 -84.015503,+1 865-291-6400
Chaiyo Thai & Sushi Bar,"Low-key Thai eatery offering curries, noodles & stir-fries, plus a variety of specialty sushi rolls.","Thai restaurant, Asian restaurant, Restaurant, Southeast Asian restaurant, Sushi restaurant",https://www.chaiyosrestaurant.com/,4.5,653,"601 James Agee St, Knoxville, TN 37916",35.959538099999996 -83.92934819999999,+1 865-249-8081
Ichiban Asian Cuisine,,"Asian restaurant, Sushi restaurant",https://www.ichibantn.com/,4.4,225,"7507 S Northshore Dr, Knoxville, TN 37919",35.9055015 -84.0196959,+1 865-690-7999
Osaka Hibachi & Sushi,"Locally owned eatery serving Japanese, Korean & Chinese meals, plus sushi rolls & a relaxed setting.","Asian restaurant, Japanese restaurant, Korean restaurant, Sushi restaurant",https://osakahibachisushi.com/,4.1,460,"3349 Sutherland Ave, Knoxville, TN 37919",35.949740999999996 -83.97418499999999,+1 865-540-3977
Archers BBQ,,"Barbecue restaurant, American restaurant, Caterer, Gluten-free restaurant, Takeout Restaurant, Sandwich shop, Southern restaurant (US)",https://www.archersbbq.com/,4.3,225,"10205 Kingston Pike, Knoxville, TN 37922",35.9020175 -84.1231433,+1 865-771-2601
IHOP,Long-standing chain serving a wide variety of pancakes & other American breakfast & diner fare.,"Breakfast restaurant, American restaurant, Family restaurant",https://restaurants.ihop.com/en-us/tn/knoxville/breakfast-313-lovell-rd-4476?utm_source=google&utm_medium=organic&utm_campaign=google_my_business&utm_term=4476&utm_content=website,3.7,1295,"313 Lovell Rd, Knoxville, TN 37934",35.9025563 -84.1412526,+1 865-671-3804
Wasabi Japanese Steakhouse,Relaxed eatery offering creative seafood rolls alongside hibachi-style entrees & raw appetizers.,"Japanese restaurant, Asian restaurant, Restaurant, Steak house, Sushi restaurant",https://www.wasabi-steakhouse.com/,4.4,2447,"226 Lovell Rd, Knoxville, TN 37934",35.900397999999996 -84.1393844,+1 865-675-0201
Chen Garden Restaurant,,Chinese restaurant,https://chengardentogo.com/,3.8,5,"7658 Oak Ridge Hwy, Knoxville, TN 37931",35.980304 -84.1053865,+1 865-560-8801
Potrillo's Taqueria & Neveria,,Mexican restaurant,https://orderpotrillostaqueriaandneveria.com/,4.5,611,"11151 Kingston Pike, Knoxville, TN 37934",35.8865742 -84.1514613,+1 865-671-4763
Krystal,"Longtime fast-food chain serving square burgers on steamed buns, plus breakfast items & kids' meals.","Fast food restaurant, Hamburger restaurant, Takeout Restaurant, Restaurant",https://krystal.olo.com/menu/krystal-knx004/?y_source=1_MjkzNjYwMy03MTUtbG9jYXRpb24ud2Vic2l0ZQ%3D%3D,3.7,1242,"2815 N Broadway, Knoxville, TN 37917",35.9974096 -83.9246021,+1 865-524-1837
Red Lobster,Lively chain restaurant serving American seafood standards amid New England-themed decor.,"Seafood restaurant, American restaurant, Angler fish restaurant, Bar, Crab house, Event venue, Family restaurant",https://www.redlobster.com/seafood-restaurants/locations/tn/knoxville/8040-kingston-pike/,4.2,2139,"8040 Kingston Pike, Knoxville, TN 37919",35.924076 -84.048615,+1 865-693-4651
Pardon My Cheesesteak,,"Restaurant, Delivery service",https://pardonmycheesesteak.com/?e=188559,2.0,3,"106 Major Reynolds Pl, Knoxville, TN 37919",35.9325772 -84.00855829999999,+1 888-444-0934
Tokyo Hibachi & Sushi,,"Sushi restaurant, Asian restaurant, Japanese restaurant",https://www.tokyohibachisushiknoxville.com/,4.6,216,"9420 S Northshore Dr # 103, Knoxville, TN 37922",35.862246999999996 -84.065679,+1 865-357-7281
Asian River,,"Diner, Asian restaurant, Chinese restaurant, Sushi restaurant, Thai restaurant",https://asianriverknoxville.com/,4.3,334,"6714 Central Ave Pike ste b, Knoxville, TN 37912",36.0268197 -83.9922588,+1 865-444-5800
Smoky Mountain Brewery in Turkey Creek,"Laid-back brewery featuring housemade beer on tap, multiple HDTVs, pizza, burgers & sandwiches.","Brewery, Brewpub",https://www.smoky-mtn-brewery.com/,4.2,762,"11308 Parkside Dr, Knoxville, TN 37934",35.8995178 -84.1593973,+1 865-288-5500
Wasabi Japanese Steakhouse,Relaxed eatery offering creative seafood rolls alongside hibachi-style entrees & raw appetizers.,"Japanese steakhouse, Asian restaurant, Japanese restaurant, Sushi restaurant",https://www.wasabi-steakhouse.com/,4.3,1981,"118 Major Reynolds Pl, Knoxville, TN 37919",35.933146 -84.008921,+1 865-584-4898
Asian Hibachi & sushi,,"Asian restaurant, Chinese restaurant, Sushi restaurant",nan,4.6,182,"7741 S Northshore Dr STE 101, Knoxville, TN 37919",35.9023626 -84.0229415,+1 865-539-9888
Panda Chinese Restaurant,"Unassuming establishment offering a familiar menu of Chinese food standards, plus a lunch buffet.",Chinese restaurant,https://www.pandaonwestern.com/,4.1,561,"4424 Western Ave, Knoxville, TN 37921",35.9717543 -83.9871118,+1 865-637-3732
Fulin's Asian Cuisine in Knoxville,"Sushi, sashimi & specialty rolls round out a menu of familiar Chinese & Japanese dishes.","Chinese restaurant, Asian fusion restaurant, Asian restaurant, Authentic Japanese restaurant, Restaurant, Sushi restaurant, Thai restaurant",https://tnfulinsasiancuisine.com/,4.2,390,"2060 Town Center Blvd, Knoxville, TN 37922",35.8596673 -84.0750865,+1 865-769-1515
Chick-fil-A Homberg Drive,Fast-food chain serving chicken sandwiches & nuggets along with salads & sides.,"Fast food restaurant, Chicken restaurant",https://cfawestknox.com/,4.6,1631,"4944 Kingston Pike, Knoxville, TN 37919",35.9399112 -83.98593679999999,+1 865-330-0044
Wings Etc.,"Chain pub known for chicken wings & a wide variety of sauces, with sports on TV & video games.",Bar & grill,https://wingsetc.com/knoxville/,4.1,368,"319 Lovell Rd, Knoxville, TN 37934",35.9029842 -84.1418049,+1 865-392-1021
Chick-fil-A,Fast-food chain serving chicken sandwiches & nuggets along with salads & sides.,"Fast food restaurant, Breakfast restaurant, Caterer, Chicken restaurant, Delivery service, Family restaurant",https://www.chick-fil-a.com/crownpointplaza,4.5,2403,"6564 Clinton Hwy, Knoxville, TN 37912",36.0074039 -84.0173082,+1 865-947-2416
Panda Express,"Fast-food chain for Chinese standards, including some health-conscious options.","Chinese restaurant, Asian restaurant, Fast food restaurant, Restaurant",https://www.pandaexpress.com/userlocation/2328/TN/Knoxville/11480-Parkside-Drive,3.9,538,"11480 Parkside Dr, Knoxville, TN 37934",35.898025499999996 -84.1670694,+1 865-671-6199
Pizza Inn,"Pizzeria & buffet chain offering several crust options, plus pastas & more.","Pizza restaurant, American restaurant, Buffet restaurant, Chicken wings restaurant, Family restaurant, Pasta shop, Pizza delivery, Pizza Takeout, Salad shop",https://www.pizzainn.com/locations/knoxville-tn/,4.5,2886,"5420 Clinton Hwy, Knoxville, TN 37912",36.0051974 -83.9834454,+1 865-357-7499
Dynasty Express At Fountain City,,Restaurant,https://dynastyexpressfountaincity.com/,4.3,406,"4911 N Broadway, Knoxville, TN 37918",36.0290451 -83.9288864,+1 865-689-0700
Taco Bell,"Fast-food chain serving Mexican-inspired fare such as tacos, quesadillas & nachos.","Fast food restaurant, Breakfast restaurant, Burrito restaurant, Lunch restaurant, Takeout Restaurant, Mexican restaurant, Restaurant, Taco restaurant, Tex-Mex restaurant, Vegetarian restaurant",https://locations.tacobell.com/tn/knoxville/1900-w-cumberland.html?utm_source=yext&utm_campaign=googlelistings&utm_medium=referral&utm_term=029014&utm_content=website&y_source=1_NjE0NTU2OC03MTUtbG9jYXRpb24ud2Vic2l0ZQ%3D%3D,3.6,789,"1900 Cumberland Ave, Knoxville, TN 37916",35.9548233 -83.936033,+1 865-525-5099
Krystal,"Longtime fast-food chain serving square burgers on steamed buns, plus breakfast items & kids' meals.","Fast food restaurant, Hamburger restaurant, Takeout Restaurant, Restaurant",https://krystal.olo.com/menu/krystal-knx011/?y_source=1_MjkzNjYwOC03MTUtbG9jYXRpb24ud2Vic2l0ZQ%3D%3D,3.6,971,"8901 Kingston Pike, Knoxville, TN 37923",35.9141311 -84.0795545,+1 865-690-6868
Nama Sushi Bar - Downtown Knoxville,Traditional & new spins on seafood rolls & other Japanese dishes in relaxed surroundings.,"Sushi restaurant, Asian restaurant, Japanese restaurant, Restaurant",https://namasushibar.com/,4.4,1221,"506 S Gay St, Knoxville, TN 37902",35.9650216 -83.9179771,+1 865-633-8539
Szechuan Garden Chinese Restaurant,No-frills Chinese eatery known for a variety of Chinese entrees & local favorite hot & sour soup.,"Sichuan restaurant, Restaurant",nan,4.5,961,"4211 Chapman Hwy, Knoxville, TN 37920",35.935775 -83.9070472,+1 865-579-0889
Dragon Den Chinese Restaurant,"Restaurant offering Chinese fare, sushi & Thai dishes in a relaxed space with artwork & TVs.",Chinese restaurant,nan,3.9,250,"10205 Kingston Pike, Knoxville, TN 37922",35.9019876 -84.1232217,+1 865-691-4529
Fin-Two Japanese Ale House,,"Japanese restaurant, Izakaya restaurant, Ramen restaurant, Sushi restaurant, Yakitori restaurant",https://fin-two.com/,4.5,422,"122 S Central St, Knoxville, TN 37902",35.969805 -83.91793899999999,+1 865-437-3105
Blackhorse Pub & Brewery Knoxville,,"Restaurant, Brewery, Brewpub, Pub",https://blackhorsebrews.com/,4.4,444,"430 S Gay St, Knoxville, TN 37902",35.9654611 -83.9182045,+1 865-249-8511
Buffet knoxville,,"Family restaurant, Buffet restaurant",nan,4.3,32,"9645 Kingston Pike, Knoxville, TN 37922",35.9078886 -84.1069454,
Popeyes Louisiana Kitchen,"Louisiana-inspired fast-food chain known for its spicy fried chicken, biscuits & sides.","Chicken restaurant, Cajun restaurant, Fast food restaurant, Restaurant, Seafood restaurant",https://www.popeyes.com/store-locator/store/restaurant_84999,4.0,1880,"4801 Clinton Hwy, Knoxville, TN 37912",36.0011443 -83.97385249999999,+1 865-200-8176
Storming Crab- Seafood Restaurant Knoxville,,"Restaurant, Crab house, Seafood restaurant",https://knoxville.stormingcrab.us/,4.4,1090,"8355 Kingston Pike, Knoxville, TN 37919",35.923900599999996 -84.05755119999999,+1 865-281-3888
Anaba Japanese Cuisine Downtown,,"Japanese restaurant, Ramen restaurant, Sushi restaurant",https://www.anabajapanese.com/,4.5,298,"131 S Gay St, Knoxville, TN 37902",35.9681772 -83.92039319999999,+1 865-474-1187
Gosh Ethiopian Restaurant,"Low-key, booth-lined restaurant for Ethiopian entrees served with the traditional flatbread.","Ethiopian restaurant, African restaurant, East African restaurant",https://www.goshethiopian.net/,4.7,336,"3609 Sutherland Ave, Knoxville, TN 37919",35.9474258 -83.9787667,+1 865-544-4475
Marco's Pizza,Counter-serve chain serving up a menu of specialty or custom pizzas for takeout or delivery.,"Pizza restaurant, Takeout Restaurant, Pizza delivery, Pizza Takeout",https://www.marcos.com/,4.0,140,"10910 Spring Bluff Way, Knoxville, TN 37932",35.94263 -84.164748,+1 865-247-7611
Taco Bell,"Fast-food chain serving Mexican-inspired fare such as tacos, quesadillas & nachos.","Fast food restaurant, Breakfast restaurant, Burrito restaurant, Lunch restaurant, Takeout Restaurant, Mexican restaurant, Restaurant, Taco restaurant, Tex-Mex restaurant, Vegetarian restaurant",https://locations.tacobell.com/tn/knoxville/11217-kingston-pike.html?utm_source=yext&utm_campaign=googlelistings&utm_medium=referral&utm_term=029017&utm_content=website&y_source=1_NjE0Njk4MS03MTUtbG9jYXRpb24ud2Vic2l0ZQ%3D%3D,4.0,633,"11217 Kingston Pike, Knoxville, TN 37922",35.883869499999996 -84.1557965,+1 865-966-4144
Captain D's,Fast-food chain serving fried fish & shrimp combo meals along with gumbo & funnel cakes.,"Seafood restaurant, American restaurant, Family restaurant, Fast food restaurant, Fish & chips restaurant",https://locations.captainds.com/ll/US/TN/Knoxville/4320-Chapman-Hwy,3.7,433,"4320 Chapman Hwy, Knoxville, TN 37920",35.934892999999995 -83.905672,+1 865-579-1123
Subway,"Casual counter-serve chain for build-your-own sandwiches & salads, with health-conscious options.","Sandwich shop, Caterer, Fast food restaurant, Takeout Restaurant, Restaurant",https://restaurants.subway.com/united-states/tn/knoxville/3317-sutherland-avenue?utm_source=yxt-goog&utm_medium=local&utm_term=acq&utm_content=46618&utm_campaign=evergreen-2020&y_source=1_MTQ5MDUzMTYtNzE1LWxvY2F0aW9uLndlYnNpdGU%3D,3.9,99,"3317 Sutherland Ave, Knoxville, TN 37919",35.9500065 -83.9736166,+1 865-521-0994
Amber Restaurant,,"American restaurant, Breakfast restaurant",https://amberrestaurantknox.com/,4.1,487,"6715 Maynardville Pike, Knoxville, TN 37918",36.068339099999996 -83.9274647,+1 865-922-7641
Penne For Your Thoughts,,Restaurant,https://www.marblecitymarket.com/our-vendors/penne/,4.6,9,"333 W Depot Ave, Knoxville, TN 37917",35.9703464 -83.9221446,+1 865-253-7193
