Restaurants,Links
stock-and-barrel-knoxville,https://www.yelp.com/biz/stock-and-barrel-knoxville?osq=Restaurants
farmacy-knoxville-2,https://www.yelp.com/biz/farmacy-knoxville-2?osq=Restaurants
the-brass-pearl-knoxville,https://www.yelp.com/biz/the-brass-pearl-knoxville?osq=Restaurants
not-watsons-kitchen-bar-knoxville-2,https://www.yelp.com/biz/not-watsons-kitchen-bar-knoxville-2?osq=Restaurants
guss-world-famous-fried-chicken-knoxville,https://www.yelp.com/biz/guss-world-famous-fried-chicken-knoxville?osq=Restaurants
kaizen-knoxville-2,https://www.yelp.com/biz/kaizen-knoxville-2?osq=Restaurants
emmas-southern-kitchen-knoxville,https://www.yelp.com/biz/emmas-southern-kitchen-knoxville?osq=Restaurants
balter-beerworks-knoxville,https://www.yelp.com/biz/balter-beerworks-knoxville?osq=Restaurants
firebirds-wood-fired-grill-knoxville,https://www.yelp.com/biz/firebirds-wood-fired-grill-knoxville?osq=Restaurants
southern-grit-knoxville,https://www.yelp.com/biz/southern-grit-knoxville?osq=Restaurants
kellys-kitchen-of-knoxville-knoxville,https://www.yelp.com/biz/kellys-kitchen-of-knoxville-knoxville?osq=Restaurants
harvest-land-sea-and-vine-knoxville-2,https://www.yelp.com/biz/harvest-land-sea-and-vine-knoxville-2?osq=Restaurants
tupelo-honey-knoxville,https://www.yelp.com/biz/tupelo-honey-knoxville?osq=Restaurants
storming-crab-knoxville-3,https://www.yelp.com/biz/storming-crab-knoxville-3?osq=Restaurants
seoul-brothers-knoxville,https://www.yelp.com/biz/seoul-brothers-knoxville?osq=Restaurants
sticky-rice-cafe-knoxville,https://www.yelp.com/biz/sticky-rice-cafe-knoxville?osq=Restaurants
cava-knoxville,https://www.yelp.com/biz/cava-knoxville?osq=Restaurants
j-c-holdway-knoxville,https://www.yelp.com/biz/j-c-holdway-knoxville?osq=Restaurants
sweet-p-s-bbq-downtown-dive-knoxville,https://www.yelp.com/biz/sweet-p-s-bbq-downtown-dive-knoxville?osq=Restaurants
emilia-knoxville,https://www.yelp.com/biz/emilia-knoxville?osq=Restaurants
osteria-stella-knoxville,https://www.yelp.com/biz/osteria-stella-knoxville?osq=Restaurants
a-dopo-sourdough-pizza-knoxville,https://www.yelp.com/biz/a-dopo-sourdough-pizza-knoxville?osq=Restaurants
kefi-knoxville,https://www.yelp.com/biz/kefi-knoxville?osq=Restaurants
scrambled-jakes-knoxville,https://www.yelp.com/biz/scrambled-jakes-knoxville?osq=Restaurants
point-b-knoxville,https://www.yelp.com/biz/point-b-knoxville?osq=Restaurants
tuk-tuk-thai-fusion-no-title,https://www.yelp.com/biz/tuk-tuk-thai-fusion-no-title?osq=Restaurants
walk-ons-sports-bistreaux-knoxville-restaurant-knoxville,https://www.yelp.com/biz/walk-ons-sports-bistreaux-knoxville-restaurant-knoxville?osq=Restaurants
the-public-house-knoxville,https://www.yelp.com/biz/the-public-house-knoxville?osq=Restaurants
potchke-knoxville,https://www.yelp.com/biz/potchke-knoxville?osq=Restaurants
simpl-knoxville,https://www.yelp.com/biz/simpl-knoxville?osq=Restaurants
lakeside-tavern-knoxville,https://www.yelp.com/biz/lakeside-tavern-knoxville?osq=Restaurants
delicias-colombianas-knoxville,https://www.yelp.com/biz/delicias-colombianas-knoxville?osq=Restaurants
maple-street-biscuit-company-sherrill-hill-knoxville-3,https://www.yelp.com/biz/maple-street-biscuit-company-sherrill-hill-knoxville-3?osq=Restaurants
smokehouse-228-on-the-water-knoxville,https://www.yelp.com/biz/smokehouse-228-on-the-water-knoxville?osq=Restaurants
oliver-royale-knoxville,https://www.yelp.com/biz/oliver-royale-knoxville?osq=Restaurants
super-chix-knoxville,https://www.yelp.com/biz/super-chix-knoxville?osq=Restaurants
the-plaid-apron-knoxville,https://www.yelp.com/biz/the-plaid-apron-knoxville?osq=Restaurants
millies-kitchen-sabor-boricua-knoxville,https://www.yelp.com/biz/millies-kitchen-sabor-boricua-knoxville?osq=Restaurants
puleos-pizzeria-no-title,https://www.yelp.com/biz/puleos-pizzeria-no-title?osq=Restaurants
flower-pot-galleria-and-eatery-knoxville-2,https://www.yelp.com/biz/flower-pot-galleria-and-eatery-knoxville-2?osq=Restaurants
myrtles-chicken-beer-knoxville,https://www.yelp.com/biz/myrtles-chicken-beer-knoxville?osq=Restaurants
clean-eatz-knoxville-bearden-knoxville,https://www.yelp.com/biz/clean-eatz-knoxville-bearden-knoxville?osq=Restaurants
lonesome-dove-western-bistro-knoxville,https://www.yelp.com/biz/lonesome-dove-western-bistro-knoxville?osq=Restaurants
q-korean-steakhouse-knoxville-3,https://www.yelp.com/biz/q-korean-steakhouse-knoxville-3?osq=Restaurants
zen-ramen-house-and-sushi-bar-knoxville,https://www.yelp.com/biz/zen-ramen-house-and-sushi-bar-knoxville?osq=Restaurants
sk-african-cuisine-knoxville,https://www.yelp.com/biz/sk-african-cuisine-knoxville?osq=Restaurants
the-tomato-head-knoxville,https://www.yelp.com/biz/the-tomato-head-knoxville?osq=Restaurants
blackhorse-pub-and-brewery-knoxville-knoxville,https://www.yelp.com/biz/blackhorse-pub-and-brewery-knoxville-knoxville?osq=Restaurants
guy-fieris-flavortown-kitchen-knoxville,https://www.yelp.com/biz/guy-fieris-flavortown-kitchen-knoxville?osq=Restaurants
redbud-kitchen-knoxville,https://www.yelp.com/biz/redbud-kitchen-knoxville?osq=Restaurants
the-french-market-creperie-knoxville,https://www.yelp.com/biz/the-french-market-creperie-knoxville?osq=Restaurants
turkish-market-and-deli-knoxville-2,https://www.yelp.com/biz/turkish-market-and-deli-knoxville-2?osq=Restaurants
loco-burro-knoxville,https://www.yelp.com/biz/loco-burro-knoxville?osq=Restaurants
finns-restaurant-and-tavern-knoxville,https://www.yelp.com/biz/finns-restaurant-and-tavern-knoxville?osq=Restaurants
vida-knoxville,https://www.yelp.com/biz/vida-knoxville?osq=Restaurants
brickyard-bar-and-grill-knoxville,https://www.yelp.com/biz/brickyard-bar-and-grill-knoxville?osq=Restaurants
jackies-dream-knoxville,https://www.yelp.com/biz/jackies-dream-knoxville?osq=Restaurants
hollys-gourmets-market-and-cafe-knoxville,https://www.yelp.com/biz/hollys-gourmets-market-and-cafe-knoxville?osq=Restaurants
chesapeakes-knoxville,https://www.yelp.com/biz/chesapeakes-knoxville?osq=Restaurants
chivo-taqueria-knoxville-2,https://www.yelp.com/biz/chivo-taqueria-knoxville-2?osq=Restaurants
sunspot-knoxville,https://www.yelp.com/biz/sunspot-knoxville?osq=Restaurants
cafe-4-knoxville,https://www.yelp.com/biz/cafe-4-knoxville?osq=Restaurants
roll-on-in-knoxville-knoxville,https://www.yelp.com/biz/roll-on-in-knoxville-knoxville?osq=Restaurants
fiesta-garibaldi-mexican-grill-knoxville,https://www.yelp.com/biz/fiesta-garibaldi-mexican-grill-knoxville?osq=Restaurants
austins-steak-and-homestyle-buffet-knoxville,https://www.yelp.com/biz/austins-steak-and-homestyle-buffet-knoxville?osq=Restaurants
fin-two-japanese-ale-house-knoxville,https://www.yelp.com/biz/fin-two-japanese-ale-house-knoxville?osq=Restaurants
stephanies-schnitzel-kitchen-and-more-knoxville,https://www.yelp.com/biz/stephanies-schnitzel-kitchen-and-more-knoxville?osq=Restaurants
ruby-sunshine-knoxville,https://www.yelp.com/biz/ruby-sunshine-knoxville?osq=Restaurants
hard-knox-pizzeria-knoxville,https://www.yelp.com/biz/hard-knox-pizzeria-knoxville?osq=Restaurants
jai-dee-thai-kitchen-knoxville,https://www.yelp.com/biz/jai-dee-thai-kitchen-knoxville?osq=Restaurants
brother-wolf-knoxville,https://www.yelp.com/biz/brother-wolf-knoxville?osq=Restaurants
colonels-cafe-knoxville-2,https://www.yelp.com/biz/colonels-cafe-knoxville-2?osq=Restaurants
savellis-italian-restaurant-knoxville,https://www.yelp.com/biz/savellis-italian-restaurant-knoxville?osq=Restaurants
twin-peaks-knoxville,https://www.yelp.com/biz/twin-peaks-knoxville?osq=Restaurants
pho-99-knoxville-2,https://www.yelp.com/biz/pho-99-knoxville-2?osq=Restaurants
its-all-so-yummy-cafe-knoxville,https://www.yelp.com/biz/its-all-so-yummy-cafe-knoxville?osq=Restaurants
yassins-falafel-house-knoxville-3,https://www.yelp.com/biz/yassins-falafel-house-knoxville-3?osq=Restaurants
babalu-knoxville-3,https://www.yelp.com/biz/babalu-knoxville-3?osq=Restaurants
jacobs-restaurant-and-grill-knoxville-3,https://www.yelp.com/biz/jacobs-restaurant-and-grill-knoxville-3?osq=Restaurants
fieldhouse-social-knoxville,https://www.yelp.com/biz/fieldhouse-social-knoxville?osq=Restaurants
sabor-catracho-latin-cuisine-knoxville-2,https://www.yelp.com/biz/sabor-catracho-latin-cuisine-knoxville-2?osq=Restaurants
landing-house-knoxville,https://www.yelp.com/biz/landing-house-knoxville?osq=Restaurants
good-golly-tamale-knoxville,https://www.yelp.com/biz/good-golly-tamale-knoxville?osq=Restaurants
szechuan-garden-chinese-restaurant-knoxville,https://www.yelp.com/biz/szechuan-garden-chinese-restaurant-knoxville?osq=Restaurants
copper-cellar-west-knoxville,https://www.yelp.com/biz/copper-cellar-west-knoxville?osq=Restaurants
northshore-brasserie-knoxville,https://www.yelp.com/biz/northshore-brasserie-knoxville?osq=Restaurants
taqueria-la-herradura-knoxville-6,https://www.yelp.com/biz/taqueria-la-herradura-knoxville-6?osq=Restaurants
parkside-grill-knoxville,https://www.yelp.com/biz/parkside-grill-knoxville?osq=Restaurants
rosatis-pizza-knoxville,https://www.yelp.com/biz/rosatis-pizza-knoxville?osq=Restaurants
corner-16-knoxville,https://www.yelp.com/biz/corner-16-knoxville?osq=Restaurants
chesapeakes-knoxville-6,https://www.yelp.com/biz/chesapeakes-knoxville-6?osq=Restaurants
burger-boys-knoxville,https://www.yelp.com/biz/burger-boys-knoxville?osq=Restaurants
tussie-mussie-knoxville,https://www.yelp.com/biz/tussie-mussie-knoxville?osq=Restaurants
petes-coffee-shop-restaurant-knoxville,https://www.yelp.com/biz/petes-coffee-shop-restaurant-knoxville?osq=Restaurants
victors-taco-shop-knoxville-2,https://www.yelp.com/biz/victors-taco-shop-knoxville-2?osq=Restaurants
creekside-good-food-knoxville,https://www.yelp.com/biz/creekside-good-food-knoxville?osq=Restaurants
marble-city-market-knoxville,https://www.yelp.com/biz/marble-city-market-knoxville?osq=Restaurants
alice-s-diner-knoxville,https://www.yelp.com/biz/alice-s-diner-knoxville?osq=Restaurants
tennessee-tap-house-knoxville,https://www.yelp.com/biz/tennessee-tap-house-knoxville?osq=Restaurants
koyo-knoxville,https://www.yelp.com/biz/koyo-knoxville?osq=Restaurants
yassins-falafel-house-knoxville,https://www.yelp.com/biz/yassins-falafel-house-knoxville?osq=Restaurants
clancys-tavern-and-whiskey-house-knoxville,https://www.yelp.com/biz/clancys-tavern-and-whiskey-house-knoxville?osq=Restaurants
aladdins-cafe-knoxville,https://www.yelp.com/biz/aladdins-cafe-knoxville?osq=Restaurants
naf-naf-grill-knoxville-2,https://www.yelp.com/biz/naf-naf-grill-knoxville-2?osq=Restaurants
space-bar-knoxville-knoxville,https://www.yelp.com/biz/space-bar-knoxville-knoxville?osq=Restaurants
tako-taco-knoxville,https://www.yelp.com/biz/tako-taco-knoxville?osq=Restaurants
copper-cellar-knoxville,https://www.yelp.com/biz/copper-cellar-knoxville?osq=Restaurants
cataleya-cantina-knoxville,https://www.yelp.com/biz/cataleya-cantina-knoxville?osq=Restaurants
archers-bbq-knoxville-5,https://www.yelp.com/biz/archers-bbq-knoxville-5?osq=Restaurants
surin-of-thailand-knoxville,https://www.yelp.com/biz/surin-of-thailand-knoxville?osq=Restaurants
bit-burger-knox-knoxville,https://www.yelp.com/biz/bit-burger-knox-knoxville?osq=Restaurants
inskip-grill-knoxville-2,https://www.yelp.com/biz/inskip-grill-knoxville-2?osq=Restaurants
olibea-knoxville-2,https://www.yelp.com/biz/olibea-knoxville-2?osq=Restaurants
brazeiros-churrascaria-brazilian-steakhouse-knoxville-2,https://www.yelp.com/biz/brazeiros-churrascaria-brazilian-steakhouse-knoxville-2?osq=Restaurants
jabonis-pizzeria-knoxville,https://www.yelp.com/biz/jabonis-pizzeria-knoxville?osq=Restaurants
first-watch-knoxville-7,https://www.yelp.com/biz/first-watch-knoxville-7?osq=Restaurants
the-shrimp-dock-bearden-knoxville,https://www.yelp.com/biz/the-shrimp-dock-bearden-knoxville?osq=Restaurants
aubreys-powell-powell-2,https://www.yelp.com/biz/aubreys-powell-powell-2?osq=Restaurants
calhouns-knoxville-6,https://www.yelp.com/biz/calhouns-knoxville-6?osq=Restaurants
windows-on-the-park-knoxville,https://www.yelp.com/biz/windows-on-the-park-knoxville?osq=Restaurants
caza-brava-mexican-restaurant-knoxville,https://www.yelp.com/biz/caza-brava-mexican-restaurant-knoxville?osq=Restaurants
union-jacks-knoxville,https://www.yelp.com/biz/union-jacks-knoxville?osq=Restaurants
cappuccinos-knoxville,https://www.yelp.com/biz/cappuccinos-knoxville?osq=Restaurants
sokno-taco-cantina-knoxville-2,https://www.yelp.com/biz/sokno-taco-cantina-knoxville-2?osq=Restaurants
bistro-by-the-tracks-knoxville,https://www.yelp.com/biz/bistro-by-the-tracks-knoxville?osq=Restaurants
kopita-meat-knoxville,https://www.yelp.com/biz/kopita-meat-knoxville?osq=Restaurants
el-tipico-knoxville,https://www.yelp.com/biz/el-tipico-knoxville?osq=Restaurants
drakes-knoxville,https://www.yelp.com/biz/drakes-knoxville?osq=Restaurants
the-drawing-room-knoxville,https://www.yelp.com/biz/the-drawing-room-knoxville?osq=Restaurants
anaba-japanese-cuisine-downtown-knoxville,https://www.yelp.com/biz/anaba-japanese-cuisine-downtown-knoxville?osq=Restaurants
gavinos-pizzeria-and-restaurant-knoxville-3,https://www.yelp.com/biz/gavinos-pizzeria-and-restaurant-knoxville-3?osq=Restaurants
steamboat-on-central-knoxville,https://www.yelp.com/biz/steamboat-on-central-knoxville?osq=Restaurants
pizzeria-nora-knoxville,https://www.yelp.com/biz/pizzeria-nora-knoxville?osq=Restaurants
bistro-at-the-bijou-knoxville,https://www.yelp.com/biz/bistro-at-the-bijou-knoxville?osq=Restaurants
soul-good-knoxville,https://www.yelp.com/biz/soul-good-knoxville?osq=Restaurants
tandur-indian-kitchen-knoxville,https://www.yelp.com/biz/tandur-indian-kitchen-knoxville?osq=Restaurants
frothy-monkey-knoxville,https://www.yelp.com/biz/frothy-monkey-knoxville?osq=Restaurants
south-coast-pizza-knoxville,https://www.yelp.com/biz/south-coast-pizza-knoxville?osq=Restaurants
ichiban-asian-cuisine-knoxville,https://www.yelp.com/biz/ichiban-asian-cuisine-knoxville?osq=Restaurants
pokeworks-knoxville,https://www.yelp.com/biz/pokeworks-knoxville?osq=Restaurants
smash-mouth-bbq-knoxville,https://www.yelp.com/biz/smash-mouth-bbq-knoxville?osq=Restaurants
monchis-knoxville-2,https://www.yelp.com/biz/monchis-knoxville-2?osq=Restaurants
barberitos-knoxville,https://www.yelp.com/biz/barberitos-knoxville?osq=Restaurants
central-flats-and-taps-knoxville,https://www.yelp.com/biz/central-flats-and-taps-knoxville?osq=Restaurants
osaka-hibachi-and-sushi-knoxville,https://www.yelp.com/biz/osaka-hibachi-and-sushi-knoxville?osq=Restaurants
asian-hibachi-grill-knoxville,https://www.yelp.com/biz/asian-hibachi-grill-knoxville?osq=Restaurants
curious-dog-knoxville,https://www.yelp.com/biz/curious-dog-knoxville?osq=Restaurants
the-pint-house-knoxville,https://www.yelp.com/biz/the-pint-house-knoxville?osq=Restaurants
union-place-bar-and-grill-knoxville,https://www.yelp.com/biz/union-place-bar-and-grill-knoxville?osq=Restaurants
buckethead-tavern-knoxville,https://www.yelp.com/biz/buckethead-tavern-knoxville?osq=Restaurants
dulcie-s-cafe-knoxville,https://www.yelp.com/biz/dulcie-s-cafe-knoxville?osq=Restaurants
scotties-of-powell-powell,https://www.yelp.com/biz/scotties-of-powell-powell?osq=Restaurants
tazikis-mediterranean-cafe-knoxville-knoxville,https://www.yelp.com/biz/tazikis-mediterranean-cafe-knoxville-knoxville?osq=Restaurants
gosh-ethiopian-restaurant-knoxville,https://www.yelp.com/biz/gosh-ethiopian-restaurant-knoxville?osq=Restaurants
chaiyo-thai-and-sushi-bar-knoxville,https://www.yelp.com/biz/chaiyo-thai-and-sushi-bar-knoxville?osq=Restaurants
ale-rae-s-gastro-pub-and-coffee-bar-knoxville,https://www.yelp.com/biz/ale-rae-s-gastro-pub-and-coffee-bar-knoxville?osq=Restaurants
golden-garden-chinese-restaurant-knoxville,https://www.yelp.com/biz/golden-garden-chinese-restaurant-knoxville?osq=Restaurants
kings-wings-n-things-knoxville,https://www.yelp.com/biz/kings-wings-n-things-knoxville?osq=Restaurants
the-bohemian-restaurant-knoxville,https://www.yelp.com/biz/the-bohemian-restaurant-knoxville?osq=Restaurants
saloon-16-knoxville-2,https://www.yelp.com/biz/saloon-16-knoxville-2?osq=Restaurants
old-mill-bread-company-knoxville,https://www.yelp.com/biz/old-mill-bread-company-knoxville?osq=Restaurants
dosbros-fresh-mexican-grill-knoxville-knoxville,https://www.yelp.com/biz/dosbros-fresh-mexican-grill-knoxville-knoxville?osq=Restaurants
dragon-den-knoxville,https://www.yelp.com/biz/dragon-den-knoxville?osq=Restaurants
cazzys-corner-grill-knoxville,https://www.yelp.com/biz/cazzys-corner-grill-knoxville?osq=Restaurants
big-kahuna-wings-west-town-knoxville-2,https://www.yelp.com/biz/big-kahuna-wings-west-town-knoxville-2?osq=Restaurants
the-tomato-head-knoxville-2,https://www.yelp.com/biz/the-tomato-head-knoxville-2?osq=Restaurants
goodness-to-go-knoxville,https://www.yelp.com/biz/goodness-to-go-knoxville?osq=Restaurants
chez-guevara-knoxville,https://www.yelp.com/biz/chez-guevara-knoxville?osq=Restaurants
raising-canes-chicken-fingers-knoxville,https://www.yelp.com/biz/raising-canes-chicken-fingers-knoxville?osq=Restaurants
wicked-chicken-knoxville,https://www.yelp.com/biz/wicked-chicken-knoxville?osq=Restaurants
bravo-italian-kitchen-knoxville,https://www.yelp.com/biz/bravo-italian-kitchen-knoxville?osq=Restaurants
downtown-grill-and-brewery-knoxville,https://www.yelp.com/biz/downtown-grill-and-brewery-knoxville?osq=Restaurants
wrights-cafeteria-knoxville,https://www.yelp.com/biz/wrights-cafeteria-knoxville?osq=Restaurants
calhouns-knoxville-3,https://www.yelp.com/biz/calhouns-knoxville-3?osq=Restaurants
bonefish-grill-knoxville-2,https://www.yelp.com/biz/bonefish-grill-knoxville-2?osq=Restaurants
aroma-indian-kitchen-knoxville,https://www.yelp.com/biz/aroma-indian-kitchen-knoxville?osq=Restaurants
berts-country-kitchen-louisville,https://www.yelp.com/biz/berts-country-kitchen-louisville?osq=Restaurants
d-p-dough-knoxville,https://www.yelp.com/biz/d-p-dough-knoxville?osq=Restaurants
kopita-authentic-mediterranean-knoxville,https://www.yelp.com/biz/kopita-authentic-mediterranean-knoxville?osq=Restaurants
anaba-japanese-cuisine-northshore-knoxville,https://www.yelp.com/biz/anaba-japanese-cuisine-northshore-knoxville?osq=Restaurants
wild-wing-cafe-powell-2,https://www.yelp.com/biz/wild-wing-cafe-powell-2?osq=Restaurants
sweet-ps-uptown-corner-knoxville,https://www.yelp.com/biz/sweet-ps-uptown-corner-knoxville?osq=Restaurants
sergeant-pepperonis-knoxville-2,https://www.yelp.com/biz/sergeant-pepperonis-knoxville-2?osq=Restaurants
penne-for-your-thoughts-knoxville,https://www.yelp.com/biz/penne-for-your-thoughts-knoxville?osq=Restaurants
tazikis-mediterranean-cafe-powell-knoxville,https://www.yelp.com/biz/tazikis-mediterranean-cafe-powell-knoxville?osq=Restaurants
corner-16-knoxville-2,https://www.yelp.com/biz/corner-16-knoxville-2?osq=Restaurants
double-dogs-knoxville-4,https://www.yelp.com/biz/double-dogs-knoxville-4?osq=Restaurants
riverview-cafe-knoxville,https://www.yelp.com/biz/riverview-cafe-knoxville?osq=Restaurants
brown-bag-knoxville-2,https://www.yelp.com/biz/brown-bag-knoxville-2?osq=Restaurants
twisted-mikes-tap-room-knoxville,https://www.yelp.com/biz/twisted-mikes-tap-room-knoxville?osq=Restaurants
ramis-cafe-knoxville,https://www.yelp.com/biz/ramis-cafe-knoxville?osq=Restaurants
dead-end-bbq-knoxville,https://www.yelp.com/biz/dead-end-bbq-knoxville?osq=Restaurants
tomo-poke-bowl-ramen-house-knoxville,https://www.yelp.com/biz/tomo-poke-bowl-ramen-house-knoxville?osq=Restaurants
tonitas-sazon-knoxville,https://www.yelp.com/biz/tonitas-sazon-knoxville?osq=Restaurants
guss-good-times-deli-knoxville,https://www.yelp.com/biz/guss-good-times-deli-knoxville?osq=Restaurants
daves-dog-house-knoxville,https://www.yelp.com/biz/daves-dog-house-knoxville?osq=Restaurants
nixons-deli-knoxville-3,https://www.yelp.com/biz/nixons-deli-knoxville-3?osq=Restaurants
lulus-tea-room-powell,https://www.yelp.com/biz/lulus-tea-room-powell?osq=Restaurants
elidioss-pizza-knoxville,https://www.yelp.com/biz/elidioss-pizza-knoxville?osq=Restaurants
bida-saigon-knoxville-2,https://www.yelp.com/biz/bida-saigon-knoxville-2?osq=Restaurants
samis-cafe-knoxville,https://www.yelp.com/biz/samis-cafe-knoxville?osq=Restaurants
p-f-changs-knoxville,https://www.yelp.com/biz/p-f-changs-knoxville?osq=Restaurants
ichiban-japanese-grill-and-sushi-bar-knoxville,https://www.yelp.com/biz/ichiban-japanese-grill-and-sushi-bar-knoxville?osq=Restaurants
central-park-restaurant-knoxville,https://www.yelp.com/biz/central-park-restaurant-knoxville?osq=Restaurants
the-rocky-knoxville,https://www.yelp.com/biz/the-rocky-knoxville?osq=Restaurants
louis-original-knoxville,https://www.yelp.com/biz/louis-original-knoxville?osq=Restaurants
altrudas-knoxville-2,https://www.yelp.com/biz/altrudas-knoxville-2?osq=Restaurants
wasabi-japanese-steakhouse-knoxville,https://www.yelp.com/biz/wasabi-japanese-steakhouse-knoxville?osq=Restaurants
naf-naf-grill-knoxville-3,https://www.yelp.com/biz/naf-naf-grill-knoxville-3?osq=Restaurants
sam-and-andys-fountain-city-knoxville-2,https://www.yelp.com/biz/sam-and-andys-fountain-city-knoxville-2?osq=Restaurants
sitar-indian-cuisine-knoxville,https://www.yelp.com/biz/sitar-indian-cuisine-knoxville?osq=Restaurants
the-chop-house-knoxville,https://www.yelp.com/biz/the-chop-house-knoxville?osq=Restaurants
the-lunchbox-knoxville-6,https://www.yelp.com/biz/the-lunchbox-knoxville-6?osq=Restaurants
chef-mo-cafe-and-catering-knoxville-2,https://www.yelp.com/biz/chef-mo-cafe-and-catering-knoxville-2?osq=Restaurants
soir%C3%A9e-knoxville-2,https://www.yelp.com/biz/soir%C3%A9e-knoxville-2?osq=Restaurants
sullivans-fine-food-knoxville-2,https://www.yelp.com/biz/sullivans-fine-food-knoxville-2?osq=Restaurants
soccer-taco-knoxville,https://www.yelp.com/biz/soccer-taco-knoxville?osq=Restaurants
the-cheesecake-factory-knoxville-knoxville,https://www.yelp.com/biz/the-cheesecake-factory-knoxville-knoxville?osq=Restaurants
silvias-mexican-restaurant-knoxville-3,https://www.yelp.com/biz/silvias-mexican-restaurant-knoxville-3?osq=Restaurants
pie-hut-knoxville-2,https://www.yelp.com/biz/pie-hut-knoxville-2?osq=Restaurants
charley-biggs-fried-chicken-knoxville,https://www.yelp.com/biz/charley-biggs-fried-chicken-knoxville?osq=Restaurants
ale-rae-grill-knoxville,https://www.yelp.com/biz/ale-rae-grill-knoxville?osq=Restaurants
nama-sushi-bar-downtown-knoxville-knoxville,https://www.yelp.com/biz/nama-sushi-bar-downtown-knoxville-knoxville?osq=Restaurants
hops-and-hollers-knoxville,https://www.yelp.com/biz/hops-and-hollers-knoxville?osq=Restaurants
wokchow-fire-seared-asian-knoxville,https://www.yelp.com/biz/wokchow-fire-seared-asian-knoxville?osq=Restaurants
mooyah-burgers-fries-and-shakes-knoxville-2,https://www.yelp.com/biz/mooyah-burgers-fries-and-shakes-knoxville-2?osq=Restaurants
the-corner-lounge-knoxville,https://www.yelp.com/biz/the-corner-lounge-knoxville?osq=Restaurants
ruths-chris-steak-house-knoxville,https://www.yelp.com/biz/ruths-chris-steak-house-knoxville?osq=Restaurants
hollys-eventful-dining-knoxville,https://www.yelp.com/biz/hollys-eventful-dining-knoxville?osq=Restaurants
el-charro-knoxville-2,https://www.yelp.com/biz/el-charro-knoxville-2?osq=Restaurants
la-esperanza-knoxville,https://www.yelp.com/biz/la-esperanza-knoxville?osq=Restaurants
philippine-connection-carry-out-food-knoxville,https://www.yelp.com/biz/philippine-connection-carry-out-food-knoxville?osq=Restaurants
plum-tree-chinese-restaurant-knoxville,https://www.yelp.com/biz/plum-tree-chinese-restaurant-knoxville?osq=Restaurants
